﻿Designator,Footprint,Quantity,Value,LCSC Part #
"C1, C4, C5, C6, C7, C8",0603,6,100nF,
C2,0603,1,10uF,
C3,0603,1,4.7uF,
"J1, J2",PinHeader_1x02_P2.54mm_Vertical,2,Conn_01x02,
J3,PinHeader_1x05_P2.54mm_Vertical,1,Conn_01x05,
J5,USB_C_Receptacle_HRO_TYPE-C-31-M-12,1,USB_C_Receptacle_USB2.0,
"R2, R3, R4",0603,3,5.1k,
"S10.1, S10.2, S10.3, S3.2, S3.3, S3.4, S3.5, S3.6, S3.7, S4.1, S4.2, S4.3, S4.4, S4.5, S4.6, S5.2, S5.3, S5.4, S5.5, S5.6, S5.7, S6.1, S6.2, S6.3, S6.4, S6.5, S6.6, S7.1, S7.2, S7.3, S7.4, S7.5, S7.6, S8.1, S8.2, S8.3, S8.4, S8.5, S8.6, S9.1, S9.2, S9.3",Choc_V1_1.00u,42,Keyswitch,
U1,LQFP-64_10x10mm_P0.5mm,1,STM32F072RBTx,
U2,SOT-223-3_TabPin2,1,AMS1117-3.3,
